{"training/episode_length": 51, "training/reward": 1.0, "training/modified_reward": 0.4087213417106186, "training/episode": 361, "_timestamp": 1681103527.2273355, "_runtime": 32.87612533569336, "_step": 9927}